[
    {
        "quote": "Success is never final; failure is never fatal.",
        "author": "Bill Belichick"
    },
    {
        "quote": "This is our city, and nobody is going to dictate our freedom.",
        "author": "David Ortiz"
    },
    {
        "quote": "Work hard. Stay humble.",
        "author": "Patrice Bergeron"
    },
    {
        "quote": "The Boston Celtics are not a basketball team; they’re a way of life.",
        "author": "Red Auerbach"
    },
    {
        "quote": "Talent counts, but chemistry matters even more.",
        "author": "Tom Brady"
    },
    {
        "quote": "Anything is possiiiibleeeee!!!!",
        "author": "Kevin Garnett"
    },
    {
        "quote": "We're on to Cincinnati.",
        "author": "Bill Belichick"
    },
    {
        "quote": "For the first time in 86 years, the Red Sox have won baseball’s world championship — can you believe it?!",
        "author": "Joe Castiglione - Red Sox Announcer"
    },
    {
        "quote": "Tom Brady, you are Tommy Terrific!",
        "author": "Gil Santos - Patriots Announcer"
    },
    {
        "quote": "Forget about style — worry about results.",
        "author": "Bobby Orr"
    },
    {
        "quote": "If there was ever a man born to be a hitter, it was me.",
        "author": "Ted Williams"
    },
    {
        "quote": "As far as playing, I didn't care who guarded me — red, yellow, black. I just didn't want a white guy guarding me, because it's disrespect to my game.",
        "author": "Larry Bird"
    },
    {
        "quote": "I am Tom Brady, and I am a Patriot.",
        "author": "Tom Brady"
    },
    {
        "quote": "Play for the name on the front, not the name on the back.",
        "author": "Patrice Bergeron"
    },
    {
        "quote": "The legs feed the wolf.",
        "author": "Herb Brooks"
    },
    {
        "quote": "We’re not here to talk about the past. We’re here to win now.",
        "author": "Bill Belichick"
    },
    {
        "quote": "You mess with one of us, you mess with all of us.",
        "author": "Milan Lucic"
    },
    {
        "quote": "Winning is more fun than fun is fun.",
        "author": "Red Auerbach"
    },
    {
        "quote": "I want the ball. Always.",
        "author": "Tom Brady"
    },
    {
        "quote": "Every day you practice until you can’t get it wrong.",
        "author": "Derek Jeter"
    },
    {
        "quote": "You gotta believe in this team. Always.",
        "author": "Jason Varitek"
    },
    {
        "quote": "Never underestimate the heart of a champion.",
        "author": "Celtics Culture"
    },
    {
        "quote": "We play for the city. And the city plays with us.",
        "author": "David Ortiz"
    }
]
